{
    "counter": {
        "ACTIVE": 8,
        "INACTIVE": 1,
        "INVALID": 0,
        "MALICIOUS": 0,
        "SANE": 0,
        "VALID": 0,
        "total": 9
    },
    "percentage": {
        "ACTIVE": 88.88888888888889,
        "INACTIVE": 14.285714285714286,
        "INVALID": 0,
        "MALICIOUS": 0,
        "SANE": 0,
        "VALID": 0,
        "total": 103.17460317460318
    }
}